{
  "Actor": {
    "types": [
      "character",
      "creature",
      "ship"
    ],
    "templates": {
      "base": {
        "health": {
          "value": 10,
          "min": 0,
          "max": 10,
          "label" : "Health"
        },
        "hits": {
          "value": 0,
          "min": 0,
          "max" : 2,
          "label" : "Wounds"
        }
      }
    },
    "character": {
      "templates": [
        "base"
      ],
      "biography": "",
      "notes": "",
      "weight" : {
        "current" : 0,
        "capacity" : 0
      },
      "settings" : {
        "useCalm" : false
      },
      "class": {
        "value": ""
      },
      "rank": {
        "value": ""
      },
      "pronouns": {
        "value": ""
      },
      "credits": {
        "value": ""
      },
      "stressdesc": {
        "value": ""
      },
      "xp": {
        "value": 0,
        "html" : 0,
        "selectedSkill" : ""
      },
      "attributes": {
        "level": {
          "value": 0
        }
      },
      "stats": {
        "strength": {
          "value": 10,
          "mod": 0,
          "min": 0,
          "max": 99,
          "label": "Strength",
          "rollLabel": "Strength Check"
        },
        "speed": {
          "value": 10,
          "mod": 0,
          "min": 0,
          "max": 99,
          "label": "Speed",
          "rollLabel": "Speed Check"
        },
        "intellect": {
          "value": 10,
          "mod": 0,
          "min": 0,
          "max": 99,
          "label": "Intellect",
          "rollLabel": "Intellect Check"
        },
        "combat": {
          "value": 10,
          "mod": 0,
          "min": 0,
          "max": 99,
          "label": "Combat",
          "rollLabel": "Combat Check"
        },
        "sanity": {
          "value": 10,
          "mod": 0,
          "min": 0,
          "max": 99,
          "label": "Sanity",
          "rollLabel": "Sanity Save"
        },
        "fear": {
          "value": 10,
          "mod": 0,
          "min": 0,
          "max": 99,
          "label": "Fear",
          "rollLabel": "Fear Save"
        },
        "body": {
          "value": 10,
          "mod": 0,
          "min": 0,
          "max": 99,
          "label": "Body",
          "rollLabel": "Body Save"
        },
        "armor": {
          "value": 0,
          "mod": 0,
          "min": 0,
          "max": 99,
          "damageReduction": 0,
          "label": "Armor",
          "rollLabel": "Armor Save"
        }
      },
      "other": {
        "stress": {
          "value": 2,
          "min": 2,
          "max": 20,
          "label" : "Stress"
        },
        "resolve": {
          "value": 0,
          "min": 0,
          "max": 15,
          "label" : "Resolve"
        },
        "stressdesc": {
          "value": ""
        }
      }
    },
    "creature": {
      "templates": [
        "base"
      ],
      "biography": "",
      "description": "This is a description",
      "xp": {
        "value": 1,
        "html": ""
      },
      "stats": {
        "combat": {
          "value": 10,
          "min": 0,
          "max": 99,
          "label": "Combat",
          "rollLabel": "Combat Check",
          "enabled" : true
        },
        "instinct": {
          "value": 10,
          "min": 0,
          "max": 99,
          "label": "Instinct",
          "rollLabel": "Instinct Check",
          "enabled" : true
        },
        "speed": {
          "value": 10,
          "min": 0,
          "max": 99,
          "label": "Speed",
          "rollLabel": "Speed Check",
          "enabled" : false
        },
        "loyalty": {
          "value": 10,
          "min": 0,
          "max": 99,
          "label": "Loyalty",
          "rollLabel": "Loyalty Check",
          "enabled" : false
        },
        "armor": {
          "value": 10,
          "min": 0,
          "max": 99,
          "label": "Armor",
          "rollLabel": "Armor Save",
          "enabled" : false
        },
        "sanity": {
          "value": 10,
          "min": 0,
          "max": 99,
          "label": "Sanity",
          "rollLabel": "Sanity Save",
          "enabled" : false
        }
      }
    },
    "ship": {
      "templates": [
        "base"
      ],
      "biography": "",
      "description": "This is a description",
      "type": "",
      "class": "",
      "xp": {
        "value": 1
      },
      "images" : {
        "layout" : "systems/mosh/images/Galloway_Top.png",
        "beauty" : "systems/mosh/images/Galloway_Top.png"
      },
      "stats": {
        "armor": {
          "value": 10,
          "min": 0,
          "max": 99,
          "label": "Armor",
          "rollLabel": "Armor Save"
        },
        "combat": {
          "value": 10,
          "min": 0,
          "max": 99,
          "label": "Combat",
          "rollLabel": "Combat Check"
        },
        "intellect": {
          "value": 10,
          "min": 0,
          "max": 99,
          "label": "Intellect",
          "rollLabel": "Intellect Check"
        },
        "speed": {
          "value": 10,
          "min": 0,
          "max": 99,
          "label": "Speed",
          "rollLabel": "Speed Check"
        }
      },
      "supplies": {
        "hull": {
          "value": 10,
          "max": 10,
          "75" : 0,
          "50" : 0,
          "25" : 0
        },
        "fuel": {
          "value": 10,
          "max": 10
        },
        "stock": {
          "value": 10,
          "max": 10
        }
      }
    }
  },
  "Item": {
    "types": [
      "item",
      "skill",
      "weapon",
      "armor",
      "ability",
      "module",
      "condition"
    ],
    "templates": {
      "base": {
        "description": ""
      }
    },
    "item": {
      "templates": [
        "base"
      ],
      "quantity": 1,
      "weight": 0,
      "cost" : 0
    },
    "skill": {
      "templates": [
        "base"
      ],
      "rank": "Trained",
      "bonus": 10
    },
    "weapon": {
      "templates": [
        "base"
      ],
      "antiArmor": false,
      "damage": "1d10",
      "ammo": 10,
      "shots": 1,
      "curShots": 0,
      "shotsPerFire" : 1,
      "useAmmo": false,
      "ammoType": "",
      "wound":"",
      "critDmg": "",
      "woundEffect": "",
      "bonus": 0,
      "weight": 0,
      "cost" : 0,
      "ranges": {
        "short": 0,
        "medium": 0,
        "long": 0,
        "value" : ""
      },
      "settings" : {
        "firstEdition" : false
      }
    },
    "armor": {
      "templates": [
        "base"
      ],
      "armorPoints": 1,
      "damageReduction":0,
      "speed": "",
      "oxygenMax": 0,
      "oxygenCurrent": 0,      
      "weight": 0,
      "cost" : 0
    },
    "condition": {
      "templates": [
        "base"
      ],
      "severity": 1,
      "treatment" : {
        "value" : 0,
        "html" : ""
      }
    },
    "ability": {
      "templates": [
        "base"
      ],
      "text": "An Ability",
      "roll": ""
    },
    "module": {
      "templates": [
        "base"
      ],
      "quantity": 1,
      "hull": 1,
      "totalHull" : 1,
      "feature" : "",
      "offline" : false
    }
  }
}